﻿franchise;revenue_category;revenue;year_created;original_media;creators;owners
A Song of Ice and Fire /  Game of Thrones;Book sales; 0,900;1996;Novel;George R. R. Martin;Random House WarnerMedia (AT&T)
A Song of Ice and Fire /  Game of Thrones;Box Office; 0,001;1996;Novel;George R. R. Martin;Random House WarnerMedia (AT&T)
A Song of Ice and Fire /  Game of Thrones;Home Video/Entertainment; 0,280;1996;Novel;George R. R. Martin;Random House WarnerMedia (AT&T)
A Song of Ice and Fire /  Game of Thrones;TV; 4,000;1996;Novel;George R. R. Martin;Random House WarnerMedia (AT&T)
A Song of Ice and Fire /  Game of Thrones;Video Games/Games; 0,132;1996;Novel;George R. R. Martin;Random House WarnerMedia (AT&T)
Aladdin;Box Office; 0,760;1992;Animated film;Walt Disney Animation Hanna Diyab;The Walt Disney Company (franchise)  Sega Sammy Holdings (games/pachinko)
Aladdin;Home Video/Entertainment; 1,000;1992;Animated film;Walt Disney Animation Hanna Diyab;The Walt Disney Company (franchise)  Sega Sammy Holdings (games/pachinko)
Aladdin;Merchandise, Licensing & Retail; 0,500;1992;Animated film;Walt Disney Animation Hanna Diyab;The Walt Disney Company (franchise)  Sega Sammy Holdings (games/pachinko)
Aladdin;Music; 0,447;1992;Animated film;Walt Disney Animation Hanna Diyab;The Walt Disney Company (franchise)  Sega Sammy Holdings (games/pachinko)
Aladdin;Video Games/Games; 2,200;1992;Animated film;Walt Disney Animation Hanna Diyab;The Walt Disney Company (franchise)  Sega Sammy Holdings (games/pachinko)
Angry Birds;Box Office; 0,353;2009;Video game;Jaakko Iisalo;Rovio
Angry Birds;Home Video/Entertainment; 0,027;2009;Video game;Jaakko Iisalo;Rovio
Angry Birds;Merchandise, Licensing & Retail; 8,000;2009;Video game;Jaakko Iisalo;Rovio
Angry Birds;Video Games/Games; 0,100;2009;Video game;Jaakko Iisalo;Rovio
Anpanman;Box Office; 0,067;1973;Manga;Takashi Yanase;Froebel-kan
Anpanman;Merchandise, Licensing & Retail;60,025;1973;Manga;Takashi Yanase;Froebel-kan
Assassin's Creed;Box Office; 0,241;2007;Video game;Patrice Désilets Jade Raymond Corey May;Ubisoft
Assassin's Creed;Home Video/Entertainment; 0,012;2007;Video game;Patrice Désilets Jade Raymond Corey May;Ubisoft
Assassin's Creed;Video Games/Games; 4,000;2007;Video game;Patrice Désilets Jade Raymond Corey May;Ubisoft
Avengers;Box Office; 7,000;1963;Comic book;Stan Lee  Jack Kirby;Marvel Entertainment (The Walt Disney Company)
Avengers;Comic or Manga; 0,131;1963;Comic book;Stan Lee  Jack Kirby;Marvel Entertainment (The Walt Disney Company)
Avengers;Home Video/Entertainment; 0,459;1963;Comic book;Stan Lee  Jack Kirby;Marvel Entertainment (The Walt Disney Company)
Avengers;Merchandise, Licensing & Retail; 5,000;1963;Comic book;Stan Lee  Jack Kirby;Marvel Entertainment (The Walt Disney Company)
Barbie;Box Office; 0,005;1987;Animated film;Ruth Handler;Mattel
Barbie;Home Video/Entertainment; 1,000;1987;Animated film;Ruth Handler;Mattel
Barbie;Merchandise, Licensing & Retail;22,000;1987;Animated film;Ruth Handler;Mattel
Batman;Box Office; 4,000;1939;Comic book;Bob Kane Bill Finger;DC Entertainment (AT&T)
Batman;Home Video/Entertainment; 1,000;1939;Comic book;Bob Kane Bill Finger;DC Entertainment (AT&T)
Batman;Merchandise, Licensing & Retail;20,000;1939;Comic book;Bob Kane Bill Finger;DC Entertainment (AT&T)
Batman;TV; 0,040;1939;Comic book;Bob Kane Bill Finger;DC Entertainment (AT&T)
Ben 10;Merchandise, Licensing & Retail; 7,000;2005;Animated series;Man of Action Studios;Cartoon Network (AT&T)
Beyblade;Box Office; 0,009;1999;Manga;Takao Aoki;Shogakukan (Hitotsubashi Group)
Beyblade;Merchandise, Licensing & Retail; 4,000;1999;Manga;Takao Aoki;Shogakukan (Hitotsubashi Group)
Bleach;Box Office; 0,040;2001;Manga;Tite Kubo;Shueisha (Hitotsubashi Group) Pierrot
Bleach;Comic or Manga; 6,740;2001;Manga;Tite Kubo;Shueisha (Hitotsubashi Group) Pierrot
Bleach;Home Video/Entertainment; 0,026;2001;Manga;Tite Kubo;Shueisha (Hitotsubashi Group) Pierrot
Bleach;Merchandise, Licensing & Retail; 0,260;2001;Manga;Tite Kubo;Shueisha (Hitotsubashi Group) Pierrot
Bob the Builder;Merchandise, Licensing & Retail; 5,000;1998;Animated series;Keith Chapman;DHX Media
Call of Duty;Video Games/Games;17,000;2003;Video game;Infinity Ward;Activision (Activision Blizzard)
Candy Crush Saga;Video Games/Games; 4,000;2012;Video game;King;King (Activision Blizzard)
Care Bears;Box Office; 0,052;1981;Greeting card;American Greetings;American Greetings
Care Bears;Merchandise, Licensing & Retail; 5,000;1981;Greeting card;American Greetings;American Greetings
Cars;Box Office; 2,000;2006;Animated film;John Lasseter;The Walt Disney Company
Cars;Home Video/Entertainment; 0,654;2006;Animated film;John Lasseter;The Walt Disney Company
Cars;Merchandise, Licensing & Retail;19,000;2006;Animated film;John Lasseter;The Walt Disney Company
CrossFire;Video Games/Games;10,000;2007;Video game;Smilegate;Smilegate Tencent
DC Extended Universe;Box Office; 5,000;2013;Film;DC Entertainment;DC Entertainment (AT&T)
DC Extended Universe;Home Video/Entertainment; 0,704;2013;Film;DC Entertainment;DC Entertainment (AT&T)
DC Extended Universe;Merchandise, Licensing & Retail; 0,500;2013;Film;DC Entertainment;DC Entertainment (AT&T)
Despicable Me / Minions;Box Office; 3,000;2010;Animated film;Sergio Pablos;Illumination Entertainment Universal Pictures (Comcast)
Despicable Me / Minions;Home Video/Entertainment; 0,686;2010;Animated film;Sergio Pablos;Illumination Entertainment Universal Pictures (Comcast)
Despicable Me / Minions;Merchandise, Licensing & Retail; 3,000;2010;Animated film;Sergio Pablos;Illumination Entertainment Universal Pictures (Comcast)
Detective Conan / Case Closed;Box Office; 1,000;1994;Manga;Gosho Aoyama;Shogakukan (Hitotsubashi Group) TMS Entertainment (Sega Sammy Holdings)
Detective Conan / Case Closed;Comic or Manga; 4,000;1994;Manga;Gosho Aoyama;Shogakukan (Hitotsubashi Group) TMS Entertainment (Sega Sammy Holdings)
Detective Conan / Case Closed;Home Video/Entertainment; 0,134;1994;Manga;Gosho Aoyama;Shogakukan (Hitotsubashi Group) TMS Entertainment (Sega Sammy Holdings)
Detective Conan / Case Closed;Merchandise, Licensing & Retail; 0,366;1994;Manga;Gosho Aoyama;Shogakukan (Hitotsubashi Group) TMS Entertainment (Sega Sammy Holdings)
Detective Conan / Case Closed;Music; 0,185;1994;Manga;Gosho Aoyama;Shogakukan (Hitotsubashi Group) TMS Entertainment (Sega Sammy Holdings)
Digimon;Box Office; 0,143;1997;Digital pet;Akiyoshi Hongo  Toei Animation  Bandai;Toei Company Bandai Namco Holdings
Digimon;Comic or Manga; 0,252;1997;Digital pet;Akiyoshi Hongo  Toei Animation  Bandai;Toei Company Bandai Namco Holdings
Digimon;Home Video/Entertainment; 0,059;1997;Digital pet;Akiyoshi Hongo  Toei Animation  Bandai;Toei Company Bandai Namco Holdings
Digimon;Merchandise, Licensing & Retail; 5,000;1997;Digital pet;Akiyoshi Hongo  Toei Animation  Bandai;Toei Company Bandai Namco Holdings
Digimon;Video Games/Games; 0,514;1997;Digital pet;Akiyoshi Hongo  Toei Animation  Bandai;Toei Company Bandai Namco Holdings
Disney Princess;Home Video/Entertainment; 0,042;2000;Animated series;Andy Mooney;The Walt Disney Company
Disney Princess;Merchandise, Licensing & Retail;44,000;2000;Animated series;Andy Mooney;The Walt Disney Company
Dora the Explorer;Home Video/Entertainment; 0,250;2000;Animated series;Chris Gifford  Valerie Walsh Eric Weiner;Nickelodeon (Viacom)
Dora the Explorer;Merchandise, Licensing & Retail;15,000;2000;Animated series;Chris Gifford  Valerie Walsh Eric Weiner;Nickelodeon (Viacom)
Doraemon;Box Office; 1,000;1969;Manga;Fujiko F. Fujio;Shogakukan-Shueisha (Hitotsubashi Group)
Doraemon;Merchandise, Licensing & Retail; 5,000;1969;Manga;Fujiko F. Fujio;Shogakukan-Shueisha (Hitotsubashi Group)
Dragon Ball;Box Office; 0,817;1984;Manga;Akira Toriyama;Bird Studio  Shueisha (Hitotsubashi Group) (manga) Toei Animation (anime) Bandai Namco (games)
Dragon Ball;Comic or Manga; 9,000;1984;Manga;Akira Toriyama;Bird Studio  Shueisha (Hitotsubashi Group) (manga) Toei Animation (anime) Bandai Namco (games)
Dragon Ball;Home Video/Entertainment; 1,000;1984;Manga;Akira Toriyama;Bird Studio  Shueisha (Hitotsubashi Group) (manga) Toei Animation (anime) Bandai Namco (games)
Dragon Ball;Merchandise, Licensing & Retail; 5,000;1984;Manga;Akira Toriyama;Bird Studio  Shueisha (Hitotsubashi Group) (manga) Toei Animation (anime) Bandai Namco (games)
Dragon Ball;Music; 0,047;1984;Manga;Akira Toriyama;Bird Studio  Shueisha (Hitotsubashi Group) (manga) Toei Animation (anime) Bandai Namco (games)
Dragon Ball;Video Games/Games; 5,961;1984;Manga;Akira Toriyama;Bird Studio  Shueisha (Hitotsubashi Group) (manga) Toei Animation (anime) Bandai Namco (games)
Dragon Quest;Comic or Manga; 4,471;1986;Video game;Yuji Horii Koichi Nakamura  Akira Toriyama;Square Enix
Dragon Quest;Home Video/Entertainment; 0,006;1986;Video game;Yuji Horii Koichi Nakamura  Akira Toriyama;Square Enix
Dragon Quest;Merchandise, Licensing & Retail; 0,988;1986;Video game;Yuji Horii Koichi Nakamura  Akira Toriyama;Square Enix
Dragon Quest;Video Games/Games; 6,000;1986;Video game;Yuji Horii Koichi Nakamura  Akira Toriyama;Square Enix
Dungeon Fighter Online;Video Games/Games;10,000;2005;Video game;Neople;Nexon Tencent
Fast & Furious;Box Office; 5,000;2001;Film;Gary Scott Thompson;Universal Pictures (Comcast)
Fast & Furious;Home Video/Entertainment; 0,466;2001;Film;Gary Scott Thompson;Universal Pictures (Comcast)
Fate;Box Office; 0,032;2004;Visual novel;Type-Moon;Type-Moon (visual novel) Aniplex (Sony Music Entertainment Japan) (mobile game)
Fate;Comic or Manga; 0,038;2004;Visual novel;Type-Moon;Type-Moon (visual novel) Aniplex (Sony Music Entertainment Japan) (mobile game)
Fate;Home Video/Entertainment; 0,371;2004;Visual novel;Type-Moon;Type-Moon (visual novel) Aniplex (Sony Music Entertainment Japan) (mobile game)
Fate;Merchandise, Licensing & Retail; 0,128;2004;Visual novel;Type-Moon;Type-Moon (visual novel) Aniplex (Sony Music Entertainment Japan) (mobile game)
Fate;Video Games/Games; 3,000;2004;Visual novel;Type-Moon;Type-Moon (visual novel) Aniplex (Sony Music Entertainment Japan) (mobile game)
Final Fantasy;Book sales; 0,213;1987;Video game;Hironobu Sakaguchi Hiromichi Tanaka Nasir Gebelli;Square Enix
Final Fantasy;Box Office; 0,092;1987;Video game;Hironobu Sakaguchi Hiromichi Tanaka Nasir Gebelli;Square Enix
Final Fantasy;Home Video/Entertainment; 0,343;1987;Video game;Hironobu Sakaguchi Hiromichi Tanaka Nasir Gebelli;Square Enix
Final Fantasy;Merchandise, Licensing & Retail; 0,416;1987;Video game;Hironobu Sakaguchi Hiromichi Tanaka Nasir Gebelli;Square Enix
Final Fantasy;Music; 0,121;1987;Video game;Hironobu Sakaguchi Hiromichi Tanaka Nasir Gebelli;Square Enix
Final Fantasy;Video Games/Games;10,014;1987;Video game;Hironobu Sakaguchi Hiromichi Tanaka Nasir Gebelli;Square Enix
Fist of the North Star;Box Office; 0,032;1983;Manga;Buronson Tetsuo Hara;Shueisha (Hitotsubashi Group) (manga)  Toei Animation (anime) Sega Sammy Holdings (games/pachinko)
Fist of the North Star;Comic or Manga; 3,000;1983;Manga;Buronson Tetsuo Hara;Shueisha (Hitotsubashi Group) (manga)  Toei Animation (anime) Sega Sammy Holdings (games/pachinko)
Fist of the North Star;Home Video/Entertainment; 0,037;1983;Manga;Buronson Tetsuo Hara;Shueisha (Hitotsubashi Group) (manga)  Toei Animation (anime) Sega Sammy Holdings (games/pachinko)
Fist of the North Star;Merchandise, Licensing & Retail; 0,026;1983;Manga;Buronson Tetsuo Hara;Shueisha (Hitotsubashi Group) (manga)  Toei Animation (anime) Sega Sammy Holdings (games/pachinko)
Fist of the North Star;Video Games/Games;17,373;1983;Manga;Buronson Tetsuo Hara;Shueisha (Hitotsubashi Group) (manga)  Toei Animation (anime) Sega Sammy Holdings (games/pachinko)
Friends;Home Video/Entertainment; 0,130;1994;Television series;David Crane Marta Kauffman;Bright/Kauffman/Crane Productions Warner Bros. (AT&T)
Friends;TV; 4,000;1994;Television series;David Crane Marta Kauffman;Bright/Kauffman/Crane Productions Warner Bros. (AT&T)
Frozen;Box Office; 1,000;2013;Animated film;Chris Buck Jennifer Lee;The Walt Disney Company
Frozen;Home Video/Entertainment; 0,391;2013;Animated film;Chris Buck Jennifer Lee;The Walt Disney Company
Frozen;Merchandise, Licensing & Retail; 9,000;2013;Animated film;Chris Buck Jennifer Lee;The Walt Disney Company
Frozen;Music; 0,082;2013;Animated film;Chris Buck Jennifer Lee;The Walt Disney Company
Gran Turismo;Video Games/Games; 4,000;1997;Video game;Kazunori Yamauchi Polyphony Digital;Sony
Grand Theft Auto;Video Games/Games; 9,000;1997;Video game;David Jones Mike Dailly;Rockstar Games (Take-Two Interactive)
Gundam;Box Office; 0,140;1979;Anime;Yoshiyuki Tomino;Sunrise (Bandai Namco Holdings)
Gundam;Comic or Manga; 0,200;1979;Anime;Yoshiyuki Tomino;Sunrise (Bandai Namco Holdings)
Gundam;Merchandise, Licensing & Retail;25,000;1979;Anime;Yoshiyuki Tomino;Sunrise (Bandai Namco Holdings)
Gundam;Video Games/Games; 0,185;1979;Anime;Yoshiyuki Tomino;Sunrise (Bandai Namco Holdings)
Halo;Home Video/Entertainment; 1,000;2001;Video game;Bungie;Microsoft
Halo;Video Games/Games; 5,000;2001;Video game;Bungie;Microsoft
Hello Kitty;Comic or Manga; 0,023;1974;Cartoon character;Yuko Shimizu Shintaro Tsuji;Sanrio
Hello Kitty;Merchandise, Licensing & Retail;80,000;1974;Cartoon character;Yuko Shimizu Shintaro Tsuji;Sanrio
Hello Kitty;Music; 0,003;1974;Cartoon character;Yuko Shimizu Shintaro Tsuji;Sanrio
Hunter × Hunter;Box Office; 0,021;1998;Manga;Yoshihiro Togashi;Shueisha (Hitotsubashi Group)
Hunter × Hunter;Comic or Manga; 3,324;1998;Manga;Yoshihiro Togashi;Shueisha (Hitotsubashi Group)
Hunter × Hunter;Home Video/Entertainment; 0,006;1998;Manga;Yoshihiro Togashi;Shueisha (Hitotsubashi Group)
Ice Age;Box Office; 2,000;2002;Animated film;Blue Sky Studios;20th Century Fox (The Walt Disney Company)
Ice Age;Merchandise, Licensing & Retail; 1,000;2002;Animated film;Blue Sky Studios;20th Century Fox (The Walt Disney Company)
James Bond;Book sales; 0,550;1953;Novel;Ian Fleming;Metro-Goldwyn-Mayer
James Bond;Box Office; 7,000;1953;Novel;Ian Fleming;Metro-Goldwyn-Mayer
James Bond;Home Video/Entertainment; 3,000;1953;Novel;Ian Fleming;Metro-Goldwyn-Mayer
James Bond;Merchandise, Licensing & Retail; 3,000;1953;Novel;Ian Fleming;Metro-Goldwyn-Mayer
James Bond;Video Games/Games; 0,351;1953;Novel;Ian Fleming;Metro-Goldwyn-Mayer
JoJo's Bizarre Adventure;Box Office; 0,002;1987;Manga;Hirohiko Araki;Shueisha (Hitotsubashi Group)
JoJo's Bizarre Adventure;Comic or Manga; 8,489;1987;Manga;Hirohiko Araki;Shueisha (Hitotsubashi Group)
JoJo's Bizarre Adventure;Home Video/Entertainment; 0,040;1987;Manga;Hirohiko Araki;Shueisha (Hitotsubashi Group)
JoJo's Bizarre Adventure;Merchandise, Licensing & Retail; 0,023;1987;Manga;Hirohiko Araki;Shueisha (Hitotsubashi Group)
JoJo's Bizarre Adventure;Video Games/Games; 0,306;1987;Manga;Hirohiko Araki;Shueisha (Hitotsubashi Group)
Jurassic Park;Box Office; 4,000;1990;Novel;Michael Crichton;Alfred A. Knopf (novel) Universal Pictures (Comcast) (film)
Jurassic Park;Home Video/Entertainment; 0,678;1990;Novel;Michael Crichton;Alfred A. Knopf (novel) Universal Pictures (Comcast) (film)
Jurassic Park;Merchandise, Licensing & Retail; 3,000;1990;Novel;Michael Crichton;Alfred A. Knopf (novel) Universal Pictures (Comcast) (film)
KochiKame;Box Office; 0,010;1976;Manga;Osamu Akimoto;Shueisha (Hitotsubashi Group)
KochiKame;Comic or Manga;15,807;1976;Manga;Osamu Akimoto;Shueisha (Hitotsubashi Group)
Kumamon;Box Office; 0,065;2010;Cartoon;Kumamoto Prefecture;Kumamoto Prefecture
Kumamon;Merchandise, Licensing & Retail; 4,000;2010;Cartoon;Kumamoto Prefecture;Kumamoto Prefecture
League of Legends;Video Games/Games; 8,000;2009;Video game;Riot Games;Tencent
Looney Tunes;Box Office; 0,299;1930;Animated cartoon;Warner Bros.;Warner Bros. (AT&T)
Looney Tunes;Merchandise, Licensing & Retail;13,000;1930;Animated cartoon;Warner Bros.;Warner Bros. (AT&T)
Mario;Box Office; 0,021;1981;Video game;Shigeru Miyamoto;Nintendo
Mario;Comic or Manga; 1,000;1981;Video game;Shigeru Miyamoto;Nintendo
Mario;Merchandise, Licensing & Retail; 4,000;1981;Video game;Shigeru Miyamoto;Nintendo
Mario;Video Games/Games;30,000;1981;Video game;Shigeru Miyamoto;Nintendo
Marvel Cinematic Universe;Box Office;21,000;2008;Film;Marvel Studios;Walt Disney Studios (The Walt Disney Company) (franchise) Sony (Spider-Man films)
Marvel Cinematic Universe;Home Video/Entertainment; 5,000;2008;Film;Marvel Studios;Walt Disney Studios (The Walt Disney Company) (franchise) Sony (Spider-Man films)
Marvel Cinematic Universe;Merchandise, Licensing & Retail; 5,000;2008;Film;Marvel Studios;Walt Disney Studios (The Walt Disney Company) (franchise) Sony (Spider-Man films)
Mickey Mouse & Friends;Box Office; 0,457;1928;Animated cartoon;Walt Disney Ub Iwerks;The Walt Disney Company
Mickey Mouse & Friends;Home Video/Entertainment; 0,280;1928;Animated cartoon;Walt Disney Ub Iwerks;The Walt Disney Company
Mickey Mouse & Friends;Merchandise, Licensing & Retail;69,000;1928;Animated cartoon;Walt Disney Ub Iwerks;The Walt Disney Company
Middle-earth / Lord of the Rings;Book sales; 9,000;1937;Novel;J. R. R. Tolkien;Tolkien Estate (books)  Warner Bros. (AT&T) (films)
Middle-earth / Lord of the Rings;Box Office; 5,000;1937;Novel;J. R. R. Tolkien;Tolkien Estate (books)  Warner Bros. (AT&T) (films)
Middle-earth / Lord of the Rings;Home Video/Entertainment; 4,000;1937;Novel;J. R. R. Tolkien;Tolkien Estate (books)  Warner Bros. (AT&T) (films)
Middle-earth / Lord of the Rings;Merchandise, Licensing & Retail; 0,660;1937;Novel;J. R. R. Tolkien;Tolkien Estate (books)  Warner Bros. (AT&T) (films)
Middle-earth / Lord of the Rings;Video Games/Games; 0,062;1937;Novel;J. R. R. Tolkien;Tolkien Estate (books)  Warner Bros. (AT&T) (films)
Minecraft;Merchandise, Licensing & Retail; 3,000;2009;Video game;Markus Persson;Microsoft Studios
Minecraft;Video Games/Games; 2,000;2009;Video game;Markus Persson;Microsoft Studios
Mission: Impossible;Box Office; 3,000;1966;Television series;Bruce Geller;Paramount Pictures (Viacom)
Mission: Impossible;Home Video/Entertainment; 0,146;1966;Television series;Bruce Geller;Paramount Pictures (Viacom)
Monster Strike;Box Office; 0,010;2013;Video game;Yoshiki Okamoto;Mixi
Monster Strike;Video Games/Games; 7,000;2013;Video game;Yoshiki Okamoto;Mixi
Mortal Kombat;Box Office; 0,173;1992;Video game;Midway Games Chicago Ed Boon John Tobias;Warner Bros. (AT&T)
Mortal Kombat;Video Games/Games; 1,000;1992;Video game;Midway Games Chicago Ed Boon John Tobias;Warner Bros. (AT&T)
My Little Pony;Box Office; 0,067;1984;Animated cartoon;Lauren Faust Bonnie Zacherle;Hasbro
My Little Pony;Home Video/Entertainment; 0,004;1984;Animated cartoon;Lauren Faust Bonnie Zacherle;Hasbro
My Little Pony;Merchandise, Licensing & Retail; 4,000;1984;Animated cartoon;Lauren Faust Bonnie Zacherle;Hasbro
Naruto;Box Office; 0,147;1999;Manga;Masashi Kishimoto;Shueisha (Hitotsubashi Group) Pierrot
Naruto;Comic or Manga; 7,000;1999;Manga;Masashi Kishimoto;Shueisha (Hitotsubashi Group) Pierrot
Naruto;Home Video/Entertainment; 0,104;1999;Manga;Masashi Kishimoto;Shueisha (Hitotsubashi Group) Pierrot
Naruto;Merchandise, Licensing & Retail; 1,000;1999;Manga;Masashi Kishimoto;Shueisha (Hitotsubashi Group) Pierrot
Naruto;Video Games/Games; 0,603;1999;Manga;Masashi Kishimoto;Shueisha (Hitotsubashi Group) Pierrot
Neon Genesis Evangelion;Box Office; 0,198;1994;Anime;Hideaki Anno Gainax Tatsunoko Production;Khara[dc][279][280]
Neon Genesis Evangelion;Comic or Manga; 0,180;1994;Anime;Hideaki Anno Gainax Tatsunoko Production;Khara[dc][279][280]
Neon Genesis Evangelion;Home Video/Entertainment; 0,848;1994;Anime;Hideaki Anno Gainax Tatsunoko Production;Khara[dc][279][280]
Neon Genesis Evangelion;Merchandise, Licensing & Retail; 2,000;1994;Anime;Hideaki Anno Gainax Tatsunoko Production;Khara[dc][279][280]
Neon Genesis Evangelion;Music; 0,981;1994;Anime;Hideaki Anno Gainax Tatsunoko Production;Khara[dc][279][280]
Neon Genesis Evangelion;Video Games/Games;11,030;1994;Anime;Hideaki Anno Gainax Tatsunoko Production;Khara[dc][279][280]
One Piece;Box Office; 0,433;1997;Manga;Eiichiro Oda;Shueisha (Hitotsubashi Group)  Toei Animation  Bandai Namco (games)
One Piece;Comic or Manga;10,000;1997;Manga;Eiichiro Oda;Shueisha (Hitotsubashi Group)  Toei Animation  Bandai Namco (games)
One Piece;Home Video/Entertainment; 1,000;1997;Manga;Eiichiro Oda;Shueisha (Hitotsubashi Group)  Toei Animation  Bandai Namco (games)
One Piece;Merchandise, Licensing & Retail; 5,000;1997;Manga;Eiichiro Oda;Shueisha (Hitotsubashi Group)  Toei Animation  Bandai Namco (games)
One Piece;Video Games/Games; 1,000;1997;Manga;Eiichiro Oda;Shueisha (Hitotsubashi Group)  Toei Animation  Bandai Namco (games)
Pac-Man;Merchandise, Licensing & Retail; 1,000;1980;Video game;Toru Iwatani Namco;Bandai Namco Entertainment (Bandai Namco Holdings)
Pac-Man;Music; 0,032;1980;Video game;Toru Iwatani Namco;Bandai Namco Entertainment (Bandai Namco Holdings)
Pac-Man;Video Games/Games;14,000;1980;Video game;Toru Iwatani Namco;Bandai Namco Entertainment (Bandai Namco Holdings)
PAW Patrol;Merchandise, Licensing & Retail; 7,000;2011;Animated series;Keith Chapman;Viacom
Peanuts;Box Office; 0,250;1950;Comic strip;Charles M. Schulz;Sony Music Entertainment Japan (Sony Corporation) DHX Media
Peanuts;Home Video/Entertainment; 0,035;1950;Comic strip;Charles M. Schulz;Sony Music Entertainment Japan (Sony Corporation) DHX Media
Peanuts;Merchandise, Licensing & Retail;17,000;1950;Comic strip;Charles M. Schulz;Sony Music Entertainment Japan (Sony Corporation) DHX Media
Pirates of the Caribbean;Box Office; 4,000;2003;Film;The Walt Disney Company;The Walt Disney Company
Pirates of the Caribbean;Home Video/Entertainment; 1,000;2003;Film;The Walt Disney Company;The Walt Disney Company
Pirates of the Caribbean;Merchandise, Licensing & Retail; 1,000;2003;Film;The Walt Disney Company;The Walt Disney Company
Pokémon;Box Office; 1,000;1996;Video game;Satoshi Tajiri Ken Sugimori;Nintendo (trademark) The Pokémon Company (Nintendo, Game Freak, Creatures) (copyright)
Pokémon;Comic or Manga; 1,000;1996;Video game;Satoshi Tajiri Ken Sugimori;Nintendo (trademark) The Pokémon Company (Nintendo, Game Freak, Creatures) (copyright)
Pokémon;Home Video/Entertainment; 0,863;1996;Video game;Satoshi Tajiri Ken Sugimori;Nintendo (trademark) The Pokémon Company (Nintendo, Game Freak, Creatures) (copyright)
Pokémon;Merchandise, Licensing & Retail;61,000;1996;Video game;Satoshi Tajiri Ken Sugimori;Nintendo (trademark) The Pokémon Company (Nintendo, Game Freak, Creatures) (copyright)
Pokémon;Video Games/Games;27,000;1996;Video game;Satoshi Tajiri Ken Sugimori;Nintendo (trademark) The Pokémon Company (Nintendo, Game Freak, Creatures) (copyright)
Pretty Cure / Glitter Force;Box Office; 0,161;2004;Anime;Izumi Todo Toei Animation;Toei Company Asahi Broadcasting Corporation Asatsu-DK
Pretty Cure / Glitter Force;Merchandise, Licensing & Retail; 7,000;2004;Anime;Izumi Todo Toei Animation;Toei Company Asahi Broadcasting Corporation Asatsu-DK
Pretty Cure / Glitter Force;Video Games/Games; 0,067;2004;Anime;Izumi Todo Toei Animation;Toei Company Asahi Broadcasting Corporation Asatsu-DK
Puzzle & Dragons;Video Games/Games; 7,000;2012;Video game;GungHo Online;GungHo Online
Resident Evil;Box Office; 1,000;1996;Video game;Shinji Mikami Tokuro Fujiwara;Capcom
Resident Evil;Home Video/Entertainment; 0,168;1996;Video game;Shinji Mikami Tokuro Fujiwara;Capcom
Resident Evil;Video Games/Games; 3,520;1996;Video game;Shinji Mikami Tokuro Fujiwara;Capcom
Rurouni Kenshin / Samurai X;Box Office; 0,159;1994;Manga;Nobuhiro Watsuki;Shueisha (Hitotsubashi Group)
Rurouni Kenshin / Samurai X;Comic or Manga; 3,360;1994;Manga;Nobuhiro Watsuki;Shueisha (Hitotsubashi Group)
Rurouni Kenshin / Samurai X;Home Video/Entertainment; 0,051;1994;Manga;Nobuhiro Watsuki;Shueisha (Hitotsubashi Group)
Sailor Moon;Box Office; 0,042;1991;Manga;Naoko Takeuchi;Kodansha Toei Animation
Sailor Moon;Comic or Manga; 0,521;1991;Manga;Naoko Takeuchi;Kodansha Toei Animation
Sailor Moon;Home Video/Entertainment; 0,546;1991;Manga;Naoko Takeuchi;Kodansha Toei Animation
Sailor Moon;Merchandise, Licensing & Retail;13,000;1991;Manga;Naoko Takeuchi;Kodansha Toei Animation
Sailor Moon;Video Games/Games; 0,210;1991;Manga;Naoko Takeuchi;Kodansha Toei Animation
Sesame Street / The Muppets;Box Office; 0,477;1955;Television series;Jim Henson Joan Ganz Cooney Lloyd Morrisett;The Muppets Studio (The Walt Disney Company) Sesame Workshop
Sesame Street / The Muppets;Home Video/Entertainment; 0,073;1955;Television series;Jim Henson Joan Ganz Cooney Lloyd Morrisett;The Muppets Studio (The Walt Disney Company) Sesame Workshop
Sesame Street / The Muppets;Merchandise, Licensing & Retail; 7,000;1955;Television series;Jim Henson Joan Ganz Cooney Lloyd Morrisett;The Muppets Studio (The Walt Disney Company) Sesame Workshop
Sesame Street / The Muppets;TV; 0,096;1955;Television series;Jim Henson Joan Ganz Cooney Lloyd Morrisett;The Muppets Studio (The Walt Disney Company) Sesame Workshop
Shōnen Jump / Jump Comics;Comic or Manga;33,000;1968;Manga;Shueisha;Shueisha (Hitotsubashi Group) (manga) Bandai Namco (games)
Shōnen Jump / Jump Comics;Video Games/Games; 0,217;1968;Manga;Shueisha;Shueisha (Hitotsubashi Group) (manga) Bandai Namco (games)
Shrek;Box Office; 3,000;1990;Novel;William Steig DreamWorks Animation;Universal Pictures (Comcast)
Shrek;Home Video/Entertainment; 1,000;1990;Novel;William Steig DreamWorks Animation;Universal Pictures (Comcast)
Shrek;Merchandise, Licensing & Retail; 0,275;1990;Novel;William Steig DreamWorks Animation;Universal Pictures (Comcast)
Slam Dunk;Box Office; 0,048;1990;Manga;Takehiko Inoue;Shueisha (Hitotsubashi Group)
Slam Dunk;Comic or Manga; 4,591;1990;Manga;Takehiko Inoue;Shueisha (Hitotsubashi Group)
Slam Dunk;Home Video/Entertainment; 0,019;1990;Manga;Takehiko Inoue;Shueisha (Hitotsubashi Group)
Sonic the Hedgehog;Comic or Manga; 0,007;1991;Video game;Yuji Naka Naoto Ohshima Hirokazu Yasuhara;Sega (Sega Sammy Holdings)
Sonic the Hedgehog;Merchandise, Licensing & Retail; 1,000;1991;Video game;Yuji Naka Naoto Ohshima Hirokazu Yasuhara;Sega (Sega Sammy Holdings)
Sonic the Hedgehog;Video Games/Games; 6,000;1991;Video game;Yuji Naka Naoto Ohshima Hirokazu Yasuhara;Sega (Sega Sammy Holdings)
Space Invaders;Video Games/Games;13,000;1978;Video game;Tomohiro Nishikado;Taito (Square Enix)
Spider-Man;Box Office; 6,000;1962;Comic book;Stan Lee Steve Ditko;Marvel Entertainment (The Walt Disney Company) (franchise) Sony (films)
Spider-Man;Comic or Manga; 1,000;1962;Comic book;Stan Lee Steve Ditko;Marvel Entertainment (The Walt Disney Company) (franchise) Sony (films)
Spider-Man;Home Video/Entertainment; 1,150;1962;Comic book;Stan Lee Steve Ditko;Marvel Entertainment (The Walt Disney Company) (franchise) Sony (films)
Spider-Man;Merchandise, Licensing & Retail;14,000;1962;Comic book;Stan Lee Steve Ditko;Marvel Entertainment (The Walt Disney Company) (franchise) Sony (films)
Spider-Man;Music; 0,212;1962;Comic book;Stan Lee Steve Ditko;Marvel Entertainment (The Walt Disney Company) (franchise) Sony (films)
Spider-Man;TV; 0,880;1962;Comic book;Stan Lee Steve Ditko;Marvel Entertainment (The Walt Disney Company) (franchise) Sony (films)
Spider-Man;Video Games/Games; 1,308;1962;Comic book;Stan Lee Steve Ditko;Marvel Entertainment (The Walt Disney Company) (franchise) Sony (films)
SpongeBob SquarePants;Box Office; 0,465;1999;Animated series;Stephen Hillenburg;Nickelodeon (Viacom)
SpongeBob SquarePants;Merchandise, Licensing & Retail;13,000;1999;Animated series;Stephen Hillenburg;Nickelodeon (Viacom)
Star Trek;Box Office; 2,000;1966;Television series;Gene Roddenberry;CBS Corporation Paramount Pictures (Viacom)
Star Trek;Home Video/Entertainment; 1,326;1966;Television series;Gene Roddenberry;CBS Corporation Paramount Pictures (Viacom)
Star Trek;Merchandise, Licensing & Retail; 4,000;1966;Television series;Gene Roddenberry;CBS Corporation Paramount Pictures (Viacom)
Star Trek;TV; 2,000;1966;Television series;Gene Roddenberry;CBS Corporation Paramount Pictures (Viacom)
Star Wars;Book sales; 1,000;1977;Film;George Lucas;Lucasfilm (The Walt Disney Company)
Star Wars;Box Office; 9,000;1977;Film;George Lucas;Lucasfilm (The Walt Disney Company)
Star Wars;Home Video/Entertainment; 9,000;1977;Film;George Lucas;Lucasfilm (The Walt Disney Company)
Star Wars;Merchandise, Licensing & Retail;40,000;1977;Film;George Lucas;Lucasfilm (The Walt Disney Company)
Star Wars;TV; 0,004;1977;Film;George Lucas;Lucasfilm (The Walt Disney Company)
Star Wars;Video Games/Games; 4,000;1977;Film;George Lucas;Lucasfilm (The Walt Disney Company)
Strawberry Shortcake;Home Video/Entertainment; 0,002;1979;Greeting card;American Greetings;American Greetings
Strawberry Shortcake;Merchandise, Licensing & Retail; 4,000;1979;Greeting card;American Greetings;American Greetings
Street Fighter;Box Office; 0,211;1987;Video game;Takashi Nishiyama  Hiroshi Matsumoto;Capcom
Street Fighter;Music; 0,007;1987;Video game;Takashi Nishiyama  Hiroshi Matsumoto;Capcom
Street Fighter;Video Games/Games;11,017;1987;Video game;Takashi Nishiyama  Hiroshi Matsumoto;Capcom
Super Sentai / Power Rangers;Box Office; 0,218;1975;Television series;Shotaro Ishinomori Haim Saban Shuki Levy;Toei Company Hasbro
Super Sentai / Power Rangers;Home Video/Entertainment; 0,015;1975;Television series;Shotaro Ishinomori Haim Saban Shuki Levy;Toei Company Hasbro
Super Sentai / Power Rangers;Merchandise, Licensing & Retail;29,000;1975;Television series;Shotaro Ishinomori Haim Saban Shuki Levy;Toei Company Hasbro
Superman;Box Office; 3,000;1938;Comic book;Jerry Siegel Joe Shuster;DC Entertainment (AT&T)
Superman;Comic or Manga; 1,087;1938;Comic book;Jerry Siegel Joe Shuster;DC Entertainment (AT&T)
Superman;Home Video/Entertainment; 0,603;1938;Comic book;Jerry Siegel Joe Shuster;DC Entertainment (AT&T)
Superman;Merchandise, Licensing & Retail; 8,000;1938;Comic book;Jerry Siegel Joe Shuster;DC Entertainment (AT&T)
Superman;TV; 0,428;1938;Comic book;Jerry Siegel Joe Shuster;DC Entertainment (AT&T)
Superman;Video Games/Games; 0,034;1938;Comic book;Jerry Siegel Joe Shuster;DC Entertainment (AT&T)
Tamagotchi;Box Office; 0,006;1996;Digital pet;Aki Maita Akihiro Yokoi Bandai;Bandai Namco Holdings
Tamagotchi;Merchandise, Licensing & Retail; 3,000;1996;Digital pet;Aki Maita Akihiro Yokoi Bandai;Bandai Namco Holdings
Tamagotchi;Video Games/Games; 2,154;1996;Digital pet;Aki Maita Akihiro Yokoi Bandai;Bandai Namco Holdings
Teenage Mutant Ninja Turtles;Box Office; 1,000;1984;Comic book;Kevin Eastman Peter Laird;Viacom
Teenage Mutant Ninja Turtles;Home Video/Entertainment; 0,285;1984;Comic book;Kevin Eastman Peter Laird;Viacom
Teenage Mutant Ninja Turtles;Merchandise, Licensing & Retail;11,000;1984;Comic book;Kevin Eastman Peter Laird;Viacom
Teenage Mutant Ninja Turtles;Video Games/Games; 0,450;1984;Comic book;Kevin Eastman Peter Laird;Viacom
The Big Bang Theory;TV; 4,000;2007;Television series;Chuck Lorre Bill Prady;Warner Bros. (AT&T)
The Hunger Games;Box Office; 2,000;2008;Novel;Suzanne Collins;Scholastic Corporation Lionsgate
The Hunger Games;Home Video/Entertainment; 0,475;2008;Novel;Suzanne Collins;Scholastic Corporation Lionsgate
The Lion King;Box Office; 0,987;1994;Animated film;Roger Allers Rob Minkoff;The Walt Disney Company
The Lion King;Home Video/Entertainment; 1,000;1994;Animated film;Roger Allers Rob Minkoff;The Walt Disney Company
The Lion King;Merchandise, Licensing & Retail; 3,000;1994;Animated film;Roger Allers Rob Minkoff;The Walt Disney Company
The Lion King;Music; 8,000;1994;Animated film;Roger Allers Rob Minkoff;The Walt Disney Company
The Phantom of the Opera;Box Office; 0,155;1986;Musical theatre;Andrew Lloyd Webber;Andrew Lloyd Webber
The Phantom of the Opera;Music; 6,000;1986;Musical theatre;Andrew Lloyd Webber;Andrew Lloyd Webber
The Simpsons;Box Office; 0,527;1989;Animated series;Matt Groening;20th Century Fox (The Walt Disney Company)
The Simpsons;Home Video/Entertainment; 1,000;1989;Animated series;Matt Groening;20th Century Fox (The Walt Disney Company)
The Simpsons;Merchandise, Licensing & Retail; 6,000;1989;Animated series;Matt Groening;20th Century Fox (The Walt Disney Company)
The Simpsons;TV; 6,000;1989;Animated series;Matt Groening;20th Century Fox (The Walt Disney Company)
Thomas & Friends;Box Office; 0,020;1946;Book;Wilbert Awdry Christopher Awdry;Egmont Group Mattel
Thomas & Friends;Merchandise, Licensing & Retail; 8,000;1946;Book;Wilbert Awdry Christopher Awdry;Egmont Group Mattel
Toy Story;Box Office; 2,000;1995;Animated film;Pixar;The Walt Disney Company
Toy Story;Home Video/Entertainment; 0,540;1995;Animated film;Pixar;The Walt Disney Company
Toy Story;Merchandise, Licensing & Retail;17,000;1995;Animated film;Pixar;The Walt Disney Company
Transformers;Box Office; 4,000;1984;Animated series;Takara Hasbro  Nobuyuki Okude;Hasbro Takara Tomy
Transformers;Home Video/Entertainment; 0,740;1984;Animated series;Takara Hasbro  Nobuyuki Okude;Hasbro Takara Tomy
Transformers;Merchandise, Licensing & Retail;11,000;1984;Animated series;Takara Hasbro  Nobuyuki Okude;Hasbro Takara Tomy
Twilight;Book sales; 1,000;2005;Novel;Stephenie Meyer;Little, Brown and Company Summit Entertainment
Twilight;Box Office; 3,000;2005;Novel;Stephenie Meyer;Little, Brown and Company Summit Entertainment
Twilight;Home Video/Entertainment; 0,993;2005;Novel;Stephenie Meyer;Little, Brown and Company Summit Entertainment
Twilight;Merchandise, Licensing & Retail; 0,395;2005;Novel;Stephenie Meyer;Little, Brown and Company Summit Entertainment
Ultraman;Home Video/Entertainment; 0,275;1966;Television series;Eiji Tsuburaya;Tsuburaya Productions (Bandai Namco Holdings)
Ultraman;Merchandise, Licensing & Retail;10,000;1966;Television series;Eiji Tsuburaya;Tsuburaya Productions (Bandai Namco Holdings)
Ultraman;Video Games/Games; 0,967;1966;Television series;Eiji Tsuburaya;Tsuburaya Productions (Bandai Namco Holdings)
Warcraft;Box Office; 0,434;1994;Video game;Allen Adham  Frank Pearce Michael Morhaime;Blizzard Entertainment (Activision Blizzard)
Warcraft;Home Video/Entertainment; 0,017;1994;Video game;Allen Adham  Frank Pearce Michael Morhaime;Blizzard Entertainment (Activision Blizzard)
Warcraft;Video Games/Games;10,000;1994;Video game;Allen Adham  Frank Pearce Michael Morhaime;Blizzard Entertainment (Activision Blizzard)
Westward Journey;Video Games/Games; 6,000;2001;Video game;NetEase;NetEase
Wii series;Video Games/Games;14,000;2006;Video game;Nintendo EAD;Nintendo
Winnie the Pooh;Box Office; 0,460;1924;Book;A. A. Milne E. H. Shepard;The Walt Disney Company
Winnie the Pooh;Home Video/Entertainment; 0,059;1924;Book;A. A. Milne E. H. Shepard;The Walt Disney Company
Winnie the Pooh;Merchandise, Licensing & Retail;74,000;1924;Book;A. A. Milne E. H. Shepard;The Walt Disney Company
Wizarding World / Harry Potter;Book sales; 7,000;1997;Novel;J. K. Rowling;J. K. Rowling (books) Warner Bros. (AT&T) (films)
Wizarding World / Harry Potter;Box Office; 9,000;1997;Novel;J. K. Rowling;J. K. Rowling (books) Warner Bros. (AT&T) (films)
Wizarding World / Harry Potter;Home Video/Entertainment; 3,000;1997;Novel;J. K. Rowling;J. K. Rowling (books) Warner Bros. (AT&T) (films)
Wizarding World / Harry Potter;Merchandise, Licensing & Retail; 7,108;1997;Novel;J. K. Rowling;J. K. Rowling (books) Warner Bros. (AT&T) (films)
Wizarding World / Harry Potter;TV; 1,000;1997;Novel;J. K. Rowling;J. K. Rowling (books) Warner Bros. (AT&T) (films)
Wizarding World / Harry Potter;Video Games/Games; 1,000;1997;Novel;J. K. Rowling;J. K. Rowling (books) Warner Bros. (AT&T) (films)
X-Men;Box Office; 5,000;1963;Comic book;Stan Lee Jack Kirby;Marvel Entertainment (The Walt Disney Company)
X-Men;Comic or Manga; 0,466;1963;Comic book;Stan Lee Jack Kirby;Marvel Entertainment (The Walt Disney Company)
X-Men;Home Video/Entertainment; 0,667;1963;Comic book;Stan Lee Jack Kirby;Marvel Entertainment (The Walt Disney Company)
X-Men;Merchandise, Licensing & Retail; 0,900;1963;Comic book;Stan Lee Jack Kirby;Marvel Entertainment (The Walt Disney Company)
Yo-kai Watch;Box Office; 0,159;2013;Video game;Level-5;Level-5  Nintendo
Yo-kai Watch;Home Video/Entertainment; 0,039;2013;Video game;Level-5;Level-5  Nintendo
Yo-kai Watch;Merchandise, Licensing & Retail; 3,000;2013;Video game;Level-5;Level-5  Nintendo
Yo-kai Watch;Video Games/Games; 0,825;2013;Video game;Level-5;Level-5  Nintendo
Yu-Gi-Oh!;Box Office; 0,042;1996;Manga;Kazuki Takahashi;Shueisha (Hitotsubashi Group) Konami (games)
Yu-Gi-Oh!;Comic or Manga; 3,196;1996;Manga;Kazuki Takahashi;Shueisha (Hitotsubashi Group) Konami (games)
Yu-Gi-Oh!;Merchandise, Licensing & Retail; 4,000;1996;Manga;Kazuki Takahashi;Shueisha (Hitotsubashi Group) Konami (games)
Yu-Gi-Oh!;Video Games/Games;11,329;1996;Manga;Kazuki Takahashi;Shueisha (Hitotsubashi Group) Konami (games)
